"tweet_id","in_reply_to_status_id","in_reply_to_user_id","retweeted_status_id","retweeted_status_user_id","timestamp","source","text","expanded_urls"
"75692025718116352","","143315612","","","2011-05-31 22:35:59 +0000","web","@failcon was likely just me misclicking something at some point. Heads up on sources, Tumblr may be a good area for inbound"
"75691037741432832","","143315612","","","2011-05-31 22:32:04 +0000","web","@failcon hey Kevin any chance clicking on a KnowAbout.it link would have me autofollow @dpinsen ? May have happened this morning"
"75690719087558657","","87133189","","","2011-05-31 22:30:48 +0000","<a href=""http://twitter.com/download/iphone"" rel=""nofollow"">Twitter for iPhone</a>","@dpinsen weird, must have followed you at some point. I use lists only so dm usually fails."
"75675408296706048","75525860840574976","87133189","","","2011-05-31 21:29:57 +0000","web","@dpinsen so you've got 666 at $7/month for portfolio armor? That's great Dave you're rocking the revenue"
"75675122085806080","","","75539714513444864","87133189","2011-05-31 21:28:49 +0000","web","RT @dpinsen: Twitter tip #1 for businesses: Listen. -- http://bit.ly/jwQiQh"
"75616828197572608","","","","","2011-05-31 17:37:11 +0000","<a href=""http://www.instapaper.com/"" rel=""nofollow"">Instapaper</a>","How to Be Irresistible at Any Age | zen habits http://j.mp/lwhghB (via Instapaper)"
"75614102495559680","","90048571","","","2011-05-31 17:26:21 +0000","web","@scotterc Did you get a chance to read this one? http://nyti.ms/mi3JUf"
"75559162993590272","","","74239032493748224","818340","2011-05-31 13:48:02 +0000","web","RT @marshallk: World?s first commercial quantum computer sold to Lockheed Martin | VentureBeat http://t.co/7TGZsD5 wowsers","http://venturebeat.com/2011/05/27/first-quantum-computer-sold/"
"75550488623452160","","","","","2011-05-31 13:13:34 +0000","<a href=""http://twitter.com/tweetbutton"" rel=""nofollow"">Tweet Button</a>","Why doesn?t software feel like the rising sun? http://t.co/9iDRSfE","http://www.victusspiritus.com/2011/05/31/why-doesnt-software-feel-like-the-rising-sun/"
"75489277831680000","","","","","2011-05-31 09:10:21 +0000","<a href=""http://mobile.twitter.com"" rel=""nofollow"">Mobile Web</a>","""Impossible that @ChrisBrogan and I are BOTH right, so don't listen to either of us"" http://t.co/zkEEsHR by @asmartbear /+1 for ego boost","http://bit.ly/BroganBlog"
"75480840167112704","75236792374267904","13127812","","","2011-05-31 08:36:49 +0000","<a href=""http://twitter.com/download/iphone"" rel=""nofollow"">Twitter for iPhone</a>","@reecepacheco I'll check back later in the week, and review my flash setup. Might have nuked an adobe install, or updated chromium"
"75480591000289280","75236792374267904","13127812","","","2011-05-31 08:35:49 +0000","<a href=""http://twitter.com/download/iphone"" rel=""nofollow"">Twitter for iPhone</a>","@reecepacheco yup. just the link that I replied back to came up with a window where I couldn't watch or click through to YouTube.Flash issue"
"75239724545089536","","","","","2011-05-30 16:38:42 +0000","<a href=""http://www.instapaper.com/"" rel=""nofollow"">Instapaper</a>","AtariWiki V3: A FORTH ASSEMBLER FOR THE 6502 http://j.mp/jSzerO (via Instapaper)"
"75239249015877634","","","","","2011-05-30 16:36:49 +0000","<a href=""http://twitter.com/tweetbutton"" rel=""nofollow"">Tweet Button</a>","Clientside CoffeeScript with jQuery http://t.co/eLBxhuX /pre lunch poking about coffeescript","http://www.victusspiritus.com/2011/05/30/clientside-coffeescript-with-jquery/"
"75221467821912064","","","","","2011-05-30 15:26:10 +0000","<a href=""http://twitter.com/tweetbutton"" rel=""nofollow"">Tweet Button</a>","CoffeeScript Versions of Several Node.js Exercises http://t.co/hgzvlrx via @RWW","http://rww.to/ldlplm"
"75145412427788288","75063097898967040","13127812","","","2011-05-30 10:23:57 +0000","<a href=""http://twitter.com/#!/download/ipad"" rel=""nofollow"">Twitter for iPad</a>","@reecepacheco couldn't watch the vid or click through to YouTube."
"75144677761880064","","","75119736047927298","10077242","2011-05-30 10:21:01 +0000","<a href=""http://twitter.com/#!/download/ipad"" rel=""nofollow"">Twitter for iPad</a>","RT @swombat: One of the main effects of FT's pay wall is I no longer bother to click on FT links, and when i do, I just click ""back""."
"75142318402977792","","","75129220321390592","10077242","2011-05-30 10:11:39 +0000","<a href=""http://twitter.com/#!/download/ipad"" rel=""nofollow"">Twitter for iPad</a>","RT @swombat: Someone is trying to replace @paulg with a small shell script. http://t.co/G7OSbzC At least it's written in LISP.","http://news.ycombinator.com/item?id=2598026"
"75117685863751680","","","75104578995109888","87133189","2011-05-30 08:33:46 +0000","<a href=""http://twitter.com/download/iphone"" rel=""nofollow"">Twitter for iPhone</a>","RT @dpinsen: Thanks to those who downloaded it over the weekend, @portfolioarmor is one of the top-25 iOS finance apps: http://yfrog.com ..."
"75117112615645184","74825076297576448","55710989","","","2011-05-30 08:31:29 +0000","<a href=""http://twitter.com/download/iphone"" rel=""nofollow"">Twitter for iPhone</a>","@Palsule @dgentry don't forget about email. messel at gmail"
"74887988844302336","","","","","2011-05-29 17:21:02 +0000","<a href=""http://twitter.com/tweetbutton"" rel=""nofollow"">Tweet Button</a>","Lifelong Evolution of Concurrent Programming Patterns http://t.co/arBCxz6","http://www.victusspiritus.com/2011/05/29/lifelong-evolution-of-concurrent-programming-patterns/"
"74777914528370688","","","74764589006471168","9704592","2011-05-29 10:03:38 +0000","<a href=""http://twitter.com/download/iphone"" rel=""nofollow"">Twitter for iPhone</a>","RT @octavdruta: Not your mother's JavaScript http://j.mp/iSZnkR"
"74777846253490176","","","74754405458649088","28520903","2011-05-29 10:03:22 +0000","<a href=""http://twitter.com/download/iphone"" rel=""nofollow"">Twitter for iPhone</a>","RT @ScepticGeek: Iran Plans to Unplug Internet, Create Its Own http://j.mp/l0GKWC /via @Techmeme"
"74777513993310208","74750302598864896","55710989","","","2011-05-29 10:02:03 +0000","<a href=""http://twitter.com/download/iphone"" rel=""nofollow"">Twitter for iPhone</a>","@Palsule @dgentry I assumed general joy :). Had a great canoe trip with wife and friends yesterday. Much feasting after."
"74440910645104641","","","","","2011-05-28 11:44:30 +0000","<a href=""http://twitter.com/tweetbutton"" rel=""nofollow"">Tweet Button</a>","What are the expected returns of venture fund X? http://t.co/iaE1nkH /what limited partners think about","http://www.victusspiritus.com/2011/05/28/what-are-the-expected-returns-of-venture-fund-x/"
"74192425035374592","","","","","2011-05-27 19:17:07 +0000","<a href=""http://www.instapaper.com/"" rel=""nofollow"">Instapaper</a>","brunch - with coffee http://j.mp/lHqvlM (via Instapaper)"
"74184437734191104","74181840835067904","90803319","","","2011-05-27 18:45:22 +0000","<a href=""http://www.tweetdeck.com"" rel=""nofollow"">TweetDeck</a>","@PeterBeddows thanks Peter, have a wonderful memorial day weekend"
"74135554727489536","","","","","2011-05-27 15:31:08 +0000","<a href=""http://twitter.com/download/iphone"" rel=""nofollow"">Twitter for iPhone</a>","Seth's Blog: Kingmaker http://t.co/h38al9Y from @ThisIsSethsBlog","http://bit.ly/lAYy1p"
"74118938325303296","74117935861477376","123323498","","","2011-05-27 14:25:06 +0000","<a href=""http://twitter.com/download/iphone"" rel=""nofollow"">Twitter for iPhone</a>","@jashkenas hah, wonderful. forgot the scope declaration. thanks!"
"74117686220697600","74108503953899521","123323498","","","2011-05-27 14:20:08 +0000","<a href=""http://twitter.com/download/iphone"" rel=""nofollow"">Twitter for iPhone</a>","@jashkenas did I misread this section http://t.co/E61z2jV suggests declaration order matters","http://messel.posterous.com/a-tale-of-two-function-declaration-syntaxes"
"74113928317243392","74108503953899521","123323498","","","2011-05-27 14:05:12 +0000","<a href=""http://twitter.com/download/iphone"" rel=""nofollow"">Twitter for iPhone</a>","@jashkenas thanks. working through Trevor's book"
"74111064719114242","73635352606277633","12241752","","","2011-05-27 13:53:49 +0000","<a href=""http://twitter.com/download/iphone"" rel=""nofollow"">Twitter for iPhone</a>","@maxogden any chance you'll blog up or video gdal's relation to geocouch with a sample app?"
"74109914552877056","74104042732789760","14561327","","","2011-05-27 13:49:15 +0000","<a href=""http://twitter.com/download/iphone"" rel=""nofollow"">Twitter for iPhone</a>","@dhh @seats @zenmatt where do they see the next biggest tech opportunities?"
"74109746038321152","74105045125316608","188768528","","","2011-05-27 13:48:35 +0000","<a href=""http://twitter.com/download/iphone"" rel=""nofollow"">Twitter for iPhone</a>","@FAKEGRIMLOCK coffee and donuts is acceptable to non-giant robo dinosaurs. You should try it."
"74109553528156160","","","74106800860958720","2384071","2011-05-27 13:47:49 +0000","<a href=""http://twitter.com/download/iphone"" rel=""nofollow"">Twitter for iPhone</a>","RT @timoreilly: Another reason why @bryce is a great VC: ""My least favorite no"" http://bit.ly/mFhPsQ"
"74109286749450240","","","","","2011-05-27 13:46:45 +0000","<a href=""http://twitter.com/download/iphone"" rel=""nofollow"">Twitter for iPhone</a>","?@wmougayar: The Changing Nature of the CIO http://t.co/ug2jPEj? /agree with the value of private corporate clouds, pitched but biz declined","http://eqent.me/iN2GP4"
"74108295794794497","74107458519437312","123323498","","","2011-05-27 13:42:49 +0000","<a href=""http://twitter.com/download/iphone"" rel=""nofollow"">Twitter for iPhone</a>","@jashkenas quick coffeescript question. what's the best way to define functions that reference each other? in js function a(){} etc suffices"
"74105832572329984","74099903617437696","12100672","","","2011-05-27 13:33:01 +0000","<a href=""http://twitter.com/download/iphone"" rel=""nofollow"">Twitter for iPhone</a>","@willcole @dgentry @falicon @vacanti @andrewparker I can imagine unflattering ""similar to you"" clusterings. Spam bots!"
"74104404390846464","","","","","2011-05-27 13:27:21 +0000","<a href=""http://mobile.twitter.com"" rel=""nofollow"">Mobile Web</a>","New twitter mobile UI is slick. Totally enjoying it. Two clicks to tweet is slightly unintuitive though."
"74102572553732096","","","","","2011-05-27 13:20:04 +0000","<a href=""http://twitter.com/tweetbutton"" rel=""nofollow"">Tweet Button</a>","Some Thoughts On InvestorRank http://t.co/QuIxA0e by @fredwilson, also check his post today at http://t.co/4gHsctQ","http://www.avc.com/a_vc/2011/05/some-thoughts-on-investorrank.html","http://avc.com"
"74097016266948608","","","","","2011-05-27 12:57:59 +0000","<a href=""http://twitter.com/download/iphone"" rel=""nofollow"">Twitter for iPhone</a>","?@dgentry: Coding Relic: Don't Cross the Tweetstreams http://t.co/Jxjx6ym ? reading a lot into three tweets about @jvaleski #gluecon talk.?","http://goo.gl/IGbn7"
"74069450286039040","","","","","2011-05-27 11:08:27 +0000","<a href=""http://twitter.com/tweetbutton"" rel=""nofollow"">Tweet Button</a>","Death Clock Begins for Google Image Search amongst others http://t.co/vIfmHwY","http://www.victusspiritus.com/2011/05/27/death-clock-begins-for-google-image-search-amongst-others/"
"74060118005784577","74059227919953920","42442059","","","2011-05-27 10:31:22 +0000","<a href=""http://twitter.com/download/iphone"" rel=""nofollow"">Twitter for iPhone</a>","@jimocz with Michelle at hospital, she had weird chest pains. Will stop by work after (timecard)"
"74053219940179968","74050149730619392","4600051","","","2011-05-27 10:03:58 +0000","<a href=""http://twitter.com/download/iphone"" rel=""nofollow"">Twitter for iPhone</a>","@klimpong writing is hard"
"74050582138191872","","","","","2011-05-27 09:53:29 +0000","<a href=""http://twitter.com/download/iphone"" rel=""nofollow"">Twitter for iPhone</a>","?@Paul_Kinlan: Spring cleaning for some of our APIs http://t.co/81CELle? /crap google image search API is going, hopefully bing has one :)","http://6sen.se/mnc4Sr"
"74047693617496064","74046367793807360","4600051","","","2011-05-27 09:42:00 +0000","<a href=""http://twitter.com/download/iphone"" rel=""nofollow"">Twitter for iPhone</a>","@klimpong natural language processing even :)"
"74047514680102912","74046367793807360","4600051","","","2011-05-27 09:41:17 +0000","<a href=""http://twitter.com/download/iphone"" rel=""nofollow"">Twitter for iPhone</a>","@klimpong natural language parsing to get the ""gist"" of a long form post"
"74037689002889216","74032978514280448","4600051","","","2011-05-27 09:02:15 +0000","<a href=""http://twitter.com/download/iphone"" rel=""nofollow"">Twitter for iPhone</a>","@klimpong considerate bloggers will often summarize in paragraph one. I've been inconsiderate many times :(). May need NLP for your version"
"74037074994536448","","","","","2011-05-27 08:59:48 +0000","<a href=""http://twitter.com/download/iphone"" rel=""nofollow"">Twitter for iPhone</a>","""2 Speculative Options Bets"" http://t.co/MqAYd5c by @dpinsen /under traded options conceal suboptimal valuations","http://seekingalpha.com/a/5tox"
"73894799228420096","","","","","2011-05-26 23:34:27 +0000","<a href=""http://twitter.com/#!/download/ipad"" rel=""nofollow"">Twitter for iPad</a>","Note to future self. Do not ""like"" Posterous posts. Subscribing to comments = bad UI default"
"73782998335623168","","","","","2011-05-26 16:10:12 +0000","<a href=""http://twitter.com/tweetbutton"" rel=""nofollow"">Tweet Button</a>","Preview of Storm: The Hadoop of Realtime Processing http://t.co/oh3PxxU via @michaelmontano (looks fun @nathanmarz)","http://tech.backtype.com/preview-of-storm-the-hadoop-of-realtime-proce"
"73781792393543680","","","","","2011-05-26 16:05:24 +0000","web","That last share was an article on forced Chinese gold farming in prison."
"73781550751285248","","","","","2011-05-26 16:04:27 +0000","<a href=""http://www.instapaper.com/"" rel=""nofollow"">Instapaper</a>","m.guardian.co.uk http://j.mp/mmyBqd (via Instapaper)"
"73747632685727745","","","","","2011-05-26 13:49:40 +0000","<a href=""http://twitter.com/download/iphone"" rel=""nofollow"">Twitter for iPhone</a>","Managers get more vacation, so that we can get more work done. #smallblessings"
"73708341326643200","","","","","2011-05-26 11:13:32 +0000","<a href=""http://www.instapaper.com/"" rel=""nofollow"">Instapaper</a>","Slow Frog: Taking advantage of multiple cores with JavaScript web workers http://j.mp/lsU8qY (via Instapaper)"
"73706365079654400","","","","","2011-05-26 11:05:41 +0000","<a href=""http://twitter.com/tweetbutton"" rel=""nofollow"">Tweet Button</a>","Stop bleeding on the edge of technology http://t.co/xvh66A4 /the tactics of choice and technology","http://www.victusspiritus.com/2011/05/26/stop-bleeding-on-the-edge-of-technology/"
"73559447603118080","","","","","2011-05-26 01:21:53 +0000","<a href=""http://twitter.com/download/iphone"" rel=""nofollow"">Twitter for iPhone</a>","What an epic game. Dragon Age 2 is a marvelous production. Extraordinary story, voice acting, and game play."
"73379671768707073","","","","","2011-05-25 13:27:31 +0000","<a href=""http://instagr.am"" rel=""nofollow"">Instagram</a>","spring sun is back!  @ Port Jefferson Ferry http://instagr.am/p/Es21m/"
"73348059228160000","","","","","2011-05-25 11:21:54 +0000","<a href=""http://twitter.com/tweetbutton"" rel=""nofollow"">Tweet Button</a>","How to Configure Dropbox with Hostmonster http://t.co/lhHBEdH","http://www.victusspiritus.com/2011/05/25/how-to-configure-dropbox-with-hostmonster/"
"73147626987593728","","","","","2011-05-24 22:05:27 +0000","web","Knowledge is Power http://bit.ly/lxyT7t /thanks Cringely, good stuff"
"73137873951522816","","","","","2011-05-24 21:26:42 +0000","web","@seacreature fortunately doing one thing well doesn't stop you from f'ing up at a bunch of other fun activities :)"
"73136688179843072","73132792292184064","7516242","","","2011-05-24 21:21:59 +0000","web","@mislav those answers seem ok to me. Bread crumbs for rendering-&gt; a.css.scss.erb, I suppose the last css/js is redundant for scss and coffee"
"73053703170560000","73025258688483328","15031464","","","2011-05-24 15:52:14 +0000","<a href=""http://twitter.com/download/iphone"" rel=""nofollow"">Twitter for iPhone</a>","@dgentry Luckily it's sporadic in it's functionality, much like a pesky string memory bug"
"73042778636042240","","","","","2011-05-24 15:08:50 +0000","web","Classy javascript dev tool http://jshint.com/"
"73038822841122817","","","","","2011-05-24 14:53:07 +0000","<a href=""http://twitter.com/tweetbutton"" rel=""nofollow"">Tweet Button</a>","Listening to Hold Your Colour by Pendulum on @Grooveshark:   #nowplaying  http://t.co/EyWa3j4","http://tinysong.com/jO7D"
"73021726577016832","","","","","2011-05-24 13:45:10 +0000","web","Of course I gripe about the weather this morning, and now the sun pokes it's shiny face"
"73006220600016896","","","","","2011-05-24 12:43:34 +0000","<a href=""http://twitter.com/download/iphone"" rel=""nofollow"">Twitter for iPhone</a>","Great strategic contrary look at Twitter's acquisition of portals by Nova Spivak http://t.co/caQF2E9","http://techcrunch.com/2011/04/22/twitter-freemium-api/"
"73003746778550272","","","","","2011-05-24 12:33:44 +0000","<a href=""http://twitter.com/download/iphone"" rel=""nofollow"">Twitter for iPhone</a>","?@infoarbitrage: Twitter Buys TweetDeck For $40?Million http://t.co/hzvzDU9 Millions of engaged users don't come ""cheep"" @iaindodsworth $$?","http://tcrn.ch/ipB1EX"
"73001353785511936","","","","","2011-05-24 12:24:13 +0000","<a href=""http://twitter.com/tweetbutton"" rel=""nofollow"">Tweet Button</a>","Rain Apocalypse, Time to build the Ark http://t.co/2SBNIFL /enough is enough :)","http://www.victusspiritus.com/2011/05/24/rain-apocalypse-time-to-build-the-ark/"
"72977368729395200","72930442361311232","55710989","","","2011-05-24 10:48:55 +0000","<a href=""http://twitter.com/download/iphone"" rel=""nofollow"">Twitter for iPhone</a>","@Palsule bookmarking that one for later :)"
"72732749231955968","","","72710146060582912","15031464","2011-05-23 18:36:53 +0000","web","RT @dgentry: Coding Relic: Tweetbots Need Exercise Too http://goo.gl/03nw3 ? wherein we marvel at progress in spambots. Jetpacks, here w ..."
"72655996815814657","","","","","2011-05-23 13:31:54 +0000","<a href=""http://twitter.com/tweetbutton"" rel=""nofollow"">Tweet Button</a>","Common Datamining Fallacies http://t.co/3mrCROS /guilty of them all at one time or another","http://www.victusspiritus.com/2011/05/23/common-datamining-fallacies/"
"72571839582453760","","","","","2011-05-23 07:57:29 +0000","<a href=""http://www.google.com/"" rel=""nofollow"">Google</a>","I liked a @YouTube video http://youtu.be/AJzU3NjDikY?a Tony vs. Paul"
"72443766149091328","72312140693901312","14057736","","","2011-05-22 23:28:34 +0000","<a href=""http://twitter.com/download/iphone"" rel=""nofollow"">Twitter for iPhone</a>","@excid3 @dad_dude @manielse thanks for sharing the quote gents, simple lessons are often the most memorable"
"72442766541590528","72430312440872960","15031464","","","2011-05-22 23:24:36 +0000","<a href=""http://twitter.com/download/iphone"" rel=""nofollow"">Twitter for iPhone</a>","@dgentry Thanks, she's busy correlating photos from everyone now."
"72433359510437888","","","","","2011-05-22 22:47:13 +0000","<a href=""http://instagr.am"" rel=""nofollow"">Instagram</a>","Michelle's original painting from Liz, gpi in various species http://instagr.am/p/EmL-z/"
"72429238929727488","","","","","2011-05-22 22:30:50 +0000","<a href=""http://instagr.am"" rel=""nofollow"">Instagram</a>","Michelle pre graduation. Masters of science in molecular bio-&gt; check  http://instagr.am/p/EmJde/"
"72428129699901440","","","","","2011-05-22 22:26:26 +0000","<a href=""http://instagr.am"" rel=""nofollow"">Instagram</a>","sweet skyline, with smokestacks even  @ Port Jefferson Ferry http://instagr.am/p/EmI_a/"
"72421546056089600","","","","","2011-05-22 22:00:16 +0000","<a href=""http://twitter.com/download/iphone"" rel=""nofollow"">Twitter for iPhone</a>","?@manielse: An Introduction to Data Mining http://t.co/g3LlLKP? very cool graphic. lots of fond memories","http://chem-eng.utoronto.ca/~datamining/dmc/data_mining_map.htm"
"72273677500157952","","","72189655906390016","178269422","2011-05-22 12:12:42 +0000","<a href=""http://twitter.com/download/iphone"" rel=""nofollow"">Twitter for iPhone</a>","RT @reddit_prog_hot: Getting Started With CouchDB [video] http://bit.ly/jLtCiz http://bit.ly/l4O8m2 [6 comments]"
"72273648572047360","","","72204792046428160","178269422","2011-05-22 12:12:35 +0000","<a href=""http://twitter.com/download/iphone"" rel=""nofollow"">Twitter for iPhone</a>","RT @reddit_prog_hot: The deep end of the pool http://bit.ly/mzLITL http://bit.ly/mTNb94 [9 comments]"
"72250805406793728","","","","","2011-05-22 10:41:49 +0000","<a href=""http://www.google.com/"" rel=""nofollow"">Google</a>","I liked a @YouTube video http://youtu.be/AJzU3NjDikY?a Tony vs. Paul"
"72229565921116160","","","","","2011-05-22 09:17:25 +0000","<a href=""http://twitter.com/tweetbutton"" rel=""nofollow"">Tweet Button</a>","Write Daily http://t.co/xdoFbI4 /who would have known, practice paves the way to progress","http://www.victusspiritus.com/2011/05/22/write-daily/"
"71944873888071681","","","","","2011-05-21 14:26:09 +0000","<a href=""http://twitter.com/tweetbutton"" rel=""nofollow"">Tweet Button</a>","HTML to ePub and back, partial success http://t.co/nPJPT3K","http://www.victusspiritus.com/2011/05/21/html-to-epub-and-back-partial-success/"
"71838330303684608","","","","","2011-05-21 07:22:47 +0000","<a href=""http://twitter.com/download/iphone"" rel=""nofollow"">Twitter for iPhone</a>","what do rapture believers do when they're still here the 22nd, or worse, what do they do to make sure they aren't?"
"71837128719466496","","","","","2011-05-21 07:18:00 +0000","<a href=""http://www.instapaper.com/"" rel=""nofollow"">Instapaper</a>","cdto - Finder Toolbar button to open a Terminal window - Google Project Hosting http://j.mp/mjIsk8 (via Instapaper)"
"71679388059582464","","","","","2011-05-20 20:51:12 +0000","<a href=""http://www.instapaper.com/"" rel=""nofollow"">Instapaper</a>","Marc Liyanage - Software - Mac OS X Packages http://j.mp/m5Whvd (via Instapaper)"
"71668043541000192","","","","","2011-05-20 20:06:07 +0000","<a href=""http://www.instapaper.com/"" rel=""nofollow"">Instapaper</a>","Open a Terminal window at current Finder selection - Mac OS X Hints http://j.mp/jNTNgx (via Instapaper)"
"71580024884572160","71206842625310720","19226580","","","2011-05-20 14:16:22 +0000","web","@donnawhite stuck at work at the moment, hope you're having a fantastic visit"
"71561889573912576","71552090144653314","25843503","","","2011-05-20 13:04:18 +0000","web","@shanacarp that would be groovy. I missed avc meetups a while back. work's got me pinned down. mid June I get some freetime back"
"71561601752367104","71542013710958592","19226580","","","2011-05-20 13:03:10 +0000","web","@donnawhite thanks Donna"
"71561546987343872","71532280211968000","16934549","","","2011-05-20 13:02:57 +0000","web","@awaldstein @donnawhite @hymanroth @TerezaN @dpinsen @shanacarp my misunderstanding. just imagining all you together brought a smile."
"71555997642141696","","","","","2011-05-20 12:40:53 +0000","<a href=""http://www.instapaper.com/"" rel=""nofollow"">Instapaper</a>","""The Best of edw519"" is now free. Reverse Happy Birthday! - edw519 http://j.mp/jDaA8p (via Instapaper)"
"71549792509100032","","","","","2011-05-20 12:16:14 +0000","<a href=""http://twitter.com/tweetbutton"" rel=""nofollow"">Tweet Button</a>","Fetch.io Downloads Your Torrents For You Insanely Fast, Then Streams Them to You (via @Lifehacker) http://t.co/Ws8JfhG","http://lifehacker.com/5803740/fetchio-downloads-your-torrents-for-you-then-streams-them-to-you-and-your-friends"
"71544041107496960","","","","","2011-05-20 11:53:23 +0000","<a href=""http://twitter.com/tweetbutton"" rel=""nofollow"">Tweet Button</a>","c++ boost circular buffer and stl set example, M out of N http://t.co/DcF1Zs2 /short morning code post","http://www.victusspiritus.com/2011/05/20/c-boost-circular-buffer-and-stl-set-example-m-out-of-n/"
"71531963101609984","","","71174222940078080","16934549","2011-05-20 11:05:23 +0000","web","RT @awaldstein: RT @socialmedia2day: Customers rule @  http://t.co/oKKoBxG @awaldstein #socialmedia #marketing","http://bit.ly/jv9VRE"
"71531807933349889","71520497862574080","16934549","","","2011-05-20 11:04:46 +0000","web","@awaldstein @donnawhite @hymanroth @TerezaN @dpinsen @shanacarp what a power meetup, to be a fly on the wall :)"
"71527459916484608","","","","","2011-05-20 10:47:30 +0000","<a href=""http://twitter.com/tweetbutton"" rel=""nofollow"">Tweet Button</a>","Props to Gene Wilder listening to Through the Loop by Pendulum on @Grooveshark:   #nowplaying  http://t.co/8hd5ZzG","http://tinysong.com/fHCi"
"71197184162410496","","","","","2011-05-19 12:55:06 +0000","<a href=""http://twitter.com/tweetbutton"" rel=""nofollow"">Tweet Button</a>","We finally really did it http://t.co/1YpwiXJ /trend spotting information overload","http://www.victusspiritus.com/2011/05/19/we-finally-really-did-it/"
"71168663096528896","","","","","2011-05-19 11:01:46 +0000","<a href=""http://twitter.com/download/iphone"" rel=""nofollow"">Twitter for iPhone</a>","?The Twitter Trap - NYTimes.com http://t.co/thB2Agb? via @loic","http://ping.fm/fmMEa"
"71168249030647808","70978756331835392","12454882","","","2011-05-19 11:00:07 +0000","<a href=""http://twitter.com/download/iphone"" rel=""nofollow"">Twitter for iPhone</a>","@louisgray @audreywatters good reason for streaming. pandora's drum and bass station has kept me busy. wish I could cache a few hours"
"70991875661762561","","","","","2011-05-18 23:19:16 +0000","<a href=""http://tweetmeme.com"" rel=""nofollow"">TweetMeme</a>","RT @louisgray louisgray.com: Minno and SoundCloud Debut Soundrain for Music Payments http://bit.ly/kswtH2"
"70985797658099712","","","","","2011-05-18 22:55:07 +0000","<a href=""http://twitter.com/download/iphone"" rel=""nofollow"">Twitter for iPhone</a>","?@fredwilson: Sizing option pools in connection with financings http://t.co/0jegoXu? /Fred gave away some gold in today's post. Read it!","http://www.avc.com/a_vc/2011/05/sizing-option-pools-in-connection-with-financings.html"
"70985500651044864","70971784102555648","115424261","","","2011-05-18 22:53:56 +0000","<a href=""http://twitter.com/download/iphone"" rel=""nofollow"">Twitter for iPhone</a>","@mattamyers @dgentry @fakegrimlock I'm getting a comet like image"
"70985396871380993","70973842771820544","156056165","","","2011-05-18 22:53:32 +0000","<a href=""http://twitter.com/download/iphone"" rel=""nofollow"">Twitter for iPhone</a>","@knoxlively glad you enjoyed the post Knox."
"70945580716797952","","","","","2011-05-18 20:15:19 +0000","web","How did I not know about star wars falcon gunner? http://bit.ly/kLf2ZN"
"70937945967833088","70934282268446720","13604142","","","2011-05-18 19:44:58 +0000","web",".@chrismatthieu python ruby hybrid goodness with candy core of javascript. still more to read in the Trevor's book http://bit.ly/ldRxRD"
"70933381868826624","70932712344653824","9980812","","","2011-05-18 19:26:50 +0000","web","@igrigorik did you read the entire post? I got through halfway and bookmarked it for later detailed digging. I liked his website, intriguing"
"70933158543110144","70930424607682561","13604142","","","2011-05-18 19:25:57 +0000","web","@chrismatthieu Although my ruby experience is under 2 years part time, switching context to coffeescript feels smoother."
"70932504026157057","70930709644189696","115424261","","","2011-05-18 19:23:21 +0000","web","@mattamyers @FAKEGRIMLOCK if anything he could make it into a boulder. FG is a productivity enhancing machine"
"70932338640551936","","","","","2011-05-18 19:22:42 +0000","web","Just changed my stylish options to make the twitter.com div.dashboard 0, and div.main-content 100%. Much better :)"
"70924689870045184","70800387074039808","16934549","","","2011-05-18 18:52:18 +0000","<a href=""http://twitter.com/download/iphone"" rel=""nofollow"">Twitter for iPhone</a>","@awaldstein hat tip, we still have a museum trip coming. June Saturday's  have potential. What's your schedule then?"
"70924418523742208","70825153373810688","127555957","","","2011-05-18 18:51:13 +0000","<a href=""http://twitter.com/download/iphone"" rel=""nofollow"">Twitter for iPhone</a>","@supergrilo thanks, glad you enjoyed the post :)"
"70875988711587840","","","","","2011-05-18 15:38:47 +0000","<a href=""http://www.instapaper.com/"" rel=""nofollow"">Instapaper</a>","Y Combinator Is Boot Camp for Startups | Magazine http://j.mp/mOUhqK (via Instapaper)"
"70870939918811136","","","","","2011-05-18 15:18:43 +0000","<a href=""http://www.instapaper.com/"" rel=""nofollow"">Instapaper</a>","On TermKit | Steven Wittens - Acko.net http://j.mp/ljoqkQ (via Instapaper)"
"70867702696251392","","","","","2011-05-18 15:05:51 +0000","<a href=""http://www.instapaper.com/"" rel=""nofollow"">Instapaper</a>","Web 2.0 Development and Business Lessons: Why and How You Should Write REST-Centric Applications http://j.mp/lfs4BC (via Instapaper)"
"70859167023370240","","","","","2011-05-18 14:31:56 +0000","<a href=""http://www.instapaper.com/"" rel=""nofollow"">Instapaper</a>","DARPA's Automated Video Surveillance Will End Public Anonymity - Technology News by ExtremeTech http://j.mp/k9fv3V (via Instapaper)"
"70850594738421760","","","","","2011-05-18 13:57:52 +0000","<a href=""http://twitter.com/tweetbutton"" rel=""nofollow"">Tweet Button</a>","Imagebrowser Rails app ported from 2.3.4 to 3.1beta http://t.co/mz4tdBi","http://www.victusspiritus.com/2011/05/18/imagebrowser-rails-app-ported-from-2-3-4-to-3-1beta/"
"70620697109598208","","","69970581579247616","253179898","2011-05-17 22:44:20 +0000","web","RT @knwbt: Clean Up Your Mess - A Guide to Visual Design for Everyone http://knwbt.it/kSK89z via @FrankDenbow on http://knwbt.it"
"70620343617863681","","","57971528146489344","253179898","2011-05-17 22:42:56 +0000","web","RT @knwbt: Managing Content Overload with Know About It  http://knwbt.it/gOhynI"
"70619428810801152","70602521093218304","5796972","","","2011-05-17 22:39:18 +0000","web","@pandora_radio will do. looks like specialists at the moment with years of HADOOP/big data mining hands on experience."
"70612110442364928","","","","","2011-05-17 22:10:13 +0000","web","Enjoyed the quick Dan Rather segments with @hashable ceo @mikeyavo http://bit.ly/iEmCQ9"
"70601547993722880","","5796972","","","2011-05-17 21:28:15 +0000","web","@pandora_radio for reference-&gt; http://victusfate.github.com/html5-resume"
"70601449356275712","","5796972","","","2011-05-17 21:27:51 +0000","web","@pandora_radio heyo Aaron, any opportunities for cross disciplinary devs? My skills didn't immediately fall into any of the listing buckets"
"70599551995752449","","","","","2011-05-17 21:20:19 +0000","web","I'm in love all over again. Drum and Bass genre station http://bit.ly/jUqjih #Pandora Radio. I'm a subscriber no ads, unlimited skips."
"70551725349679104","","","","","2011-05-17 18:10:16 +0000","<a href=""http://www.instapaper.com/"" rel=""nofollow"">Instapaper</a>","Google Code Search http://j.mp/kJd9jm (via Instapaper)"
"70542955244564480","","","70490081990934528","13604142","2011-05-17 17:35:25 +0000","web","RT @chrismatthieu: Now Node.JS is getting some good attention at #railsconf by @dhh &gt;&gt; Check out @Nodester.com for free Node.JS ho ..."
"70540669873176576","","","70524071175143424","28520903","2011-05-17 17:26:20 +0000","web","RT @ScepticGeek: Netflix now accounts for 30% of US downstream traffic, above 18% HTTP, 11% Torrents, etc. http://j.mp/iqyhvO /via @Techmeme"
"70539662808186880","","","","","2011-05-17 17:22:20 +0000","web","pjax, partial page loads with ajax and browser history, nifty http://bit.ly/iT16N9 by @defunkt"
"70517584872742913","","","","","2011-05-17 15:54:37 +0000","<a href=""http://www.instapaper.com/"" rel=""nofollow"">Instapaper</a>","Fort Sumter | mur.mu.rs http://j.mp/lDehsd (via Instapaper)"
"70488682116808704","","","","","2011-05-17 13:59:46 +0000","<a href=""http://www.instapaper.com/"" rel=""nofollow"">Instapaper</a>","Honestly.com ? Not acting so honestly | Phil Freo - Website Design, Development, & Blog - Jacksonville/Gainesville, FL http://j.mp/jzJ2GH"
"70480414468341760","","","","","2011-05-17 13:26:54 +0000","<a href=""http://twitter.com/tweetbutton"" rel=""nofollow"">Tweet Button</a>","Rails 3.1beta deployed to Heroku from your iPhone http://t.co/7O3wD70","http://www.victusspiritus.com/2011/05/17/rails-3-1beta-deployed-to-heroku-from-your-iphone/"
"70414087070289920","","","","","2011-05-17 09:03:21 +0000","<a href=""http://www.instapaper.com/"" rel=""nofollow"">Instapaper</a>","Henri Bergius: Weblog: Decoupling Content Management http://j.mp/jYeT9E (via Instapaper)"
"70189484586708992","70182065840205826","16934549","","","2011-05-16 18:10:51 +0000","web","@awaldstein you've got a knack for eloquently walking readers through the challenges of connecting communities with brands. always a joy"
"70167844666605568","","","","","2011-05-16 16:44:52 +0000","<a href=""http://twitter.com/download/iphone"" rel=""nofollow"">Twitter for iPhone</a>","Context not content is king http://t.co/crjGJEV by @awaldstein /great conversation and input from @wmougayar and Viktor Ovurmind","http://bit.ly/jnncw7"
"70115843186503680","","","","","2011-05-16 13:18:14 +0000","<a href=""http://twitter.com/tweetbutton"" rel=""nofollow"">Tweet Button</a>","How does creativity relate to divinity? http://t.co/TCIV1gK /I take pot shots at religion, Steve Blank, Eric Ries and Paul Graham","http://www.victusspiritus.com/2011/05/16/how-does-creativity-relate-to-divinity/"
"70070166653894656","","90803319","","","2011-05-16 10:16:44 +0000","web","@PeterBeddows thanks for the RT Peter. I scaled down the image sizes to enable faster page loads. Who knew 48 3mbyte images was too much :)?"
"70054178101268480","","","","","2011-05-16 09:13:12 +0000","<a href=""http://www.instapaper.com/"" rel=""nofollow"">Instapaper</a>","JQuery Cycle Lite Plugin http://j.mp/iVPgHA (via Instapaper)"
"70054096828248064","","","","","2011-05-16 09:12:52 +0000","<a href=""http://www.instapaper.com/"" rel=""nofollow"">Instapaper</a>","John Resig - jQuery 1.6 and .attr() http://j.mp/lIubTI (via Instapaper)"
"70052739677298688","","","","","2011-05-16 09:07:29 +0000","<a href=""http://www.instapaper.com/"" rel=""nofollow"">Instapaper</a>","(Saving...) Bruce Mau Design http://j.mp/j5Au5g (via Instapaper)"
"69771979166715905","","","","","2011-05-15 14:31:50 +0000","<a href=""http://twitter.com/tweetbutton"" rel=""nofollow"">Tweet Button</a>","Glorious Saturday Outdoors http://t.co/OhajvKJ /gratuitous photos of the outdoors with jquery cycle lite and on page javascript","http://www.victusspiritus.com/2011/05/15/glorious-saturday-outdoors/"
"69721813424410624","","","","","2011-05-15 11:12:30 +0000","<a href=""http://picplz.com/"" rel=""nofollow"">picplz</a>","yesterday's second park walk (@ Bayard Cutting Arboretum) http://picplz.com/rn2n"
"69721211801841664","","","","","2011-05-15 11:10:06 +0000","<a href=""http://instagr.am"" rel=""nofollow"">Instagram</a>","old westbury garden's, overcast but awesome  @ Westbury NY http://instagr.am/p/ERpBz/"
"69367142876848128","","","","","2011-05-14 11:43:10 +0000","<a href=""http://twitter.com/tweetbutton"" rel=""nofollow"">Tweet Button</a>","Freedom is one dream shared among many http://t.co/pHkEsRj","http://www.victusspiritus.com/2011/05/14/freedom-is-one-dream-shared-among-many/"
"69076231852797952","","","","","2011-05-13 16:27:11 +0000","<a href=""http://www.instapaper.com/"" rel=""nofollow"">Instapaper</a>","The Changelogs for Rails 3.1 Beta 1 ? Gist http://j.mp/ifWYvO (via Instapaper)"
"69053861175894017","","","","","2011-05-13 14:58:18 +0000","<a href=""http://twitter.com/tweetbutton"" rel=""nofollow"">Tweet Button</a>","Twitter?s List and Search APIs leave much to be desired http://t.co/ba7MAxc","http://www.victusspiritus.com/2011/05/13/twitters-list-and-search-apis-leave-much-to-be-desired/"
"68861542959034368","","","","","2011-05-13 02:14:05 +0000","<a href=""http://twitter.com/tweetbutton"" rel=""nofollow"">Tweet Button</a>","Satellite Images of North Korea Prison Camps Find 200,000 Living as Slaves http://t.co/P6pn60L","http://singularityhub.com/2011/05/12/satellite-images-of-north-korea-prison-camps-find-200000-living-as-slaves/"
"68847036031713280","","","","","2011-05-13 01:16:27 +0000","<a href=""http://itunes.apple.com/us/app/twitter/id409789998?mt=12"" rel=""nofollow"">Twitter for Mac</a>","Ah this explains the issue http://t.co/UCwWle3","http://yfrog.com/h343cgp"
"68846570753368065","","","","","2011-05-13 01:14:36 +0000","<a href=""http://itunes.apple.com/us/app/twitter/id409789998?mt=12"" rel=""nofollow"">Twitter for Mac</a>","What's this Blogger is down? http://t.co/HP3E6rd cc @louisgray","http://yfrog.com/h4pd0p"
"68835529638154242","","","","","2011-05-13 00:30:43 +0000","<a href=""http://itunes.apple.com/us/app/twitter/id409789998?mt=12"" rel=""nofollow"">Twitter for Mac</a>","Yeah http://t.co/r87bqxt was pretty hot. Bonus points for trippy surreal melting worlds","http://www.ro.me/"
"68736707511595009","","","","","2011-05-12 17:58:02 +0000","<a href=""http://twitter.com/tweetbutton"" rel=""nofollow"">Tweet Button</a>","A Tale of Two Simulations http://t.co/EU28DfE via @victusfate","http://www.victusspiritus.com/2011/05/12/a-tale-of-two-simulations/"
"68613884398940160","","","","","2011-05-12 09:49:59 +0000","<a href=""http://twitter.com/tweetbutton"" rel=""nofollow"">Tweet Button</a>","Watching Rails 3.1 Overview on RailsCasts http://t.co/5hLJQSn via @railscasts","http://railscasts.com/episodes/265-rails-3-1-overview"
"68603828475400192","","","68422390727720960","18713","2011-05-12 09:10:01 +0000","<a href=""http://twitter.com/download/iphone"" rel=""nofollow"">Twitter for iPhone</a>","RT @al3x: Whether or not you're a fan of JavaScript, if you're into programming languages you'll be interested in http://altjs.org/"
"68601737023463424","68469676707033089","14098423","","","2011-05-12 09:01:43 +0000","<a href=""http://twitter.com/download/iphone"" rel=""nofollow"">Twitter for iPhone</a>","@johndbritton I keep debating random systemy configuration on it between iMac/Air"
"68601547117953024","68469676707033089","14098423","","","2011-05-12 09:00:58 +0000","<a href=""http://twitter.com/download/iphone"" rel=""nofollow"">Twitter for iPhone</a>","@johndbritton @dropbox as soon as you pay you hit hit $50gbytes, it's a trap"
"68601141214187520","68485709887057920","16417977","","","2011-05-12 08:59:21 +0000","<a href=""http://twitter.com/download/iphone"" rel=""nofollow"">Twitter for iPhone</a>","@manielse because you @Klout rating is over 9000 :)?"
"68479719150067712","68475445384982528","240751001","","","2011-05-12 00:56:51 +0000","web","@Nodester just got tired of worrying where node/packages were configured. nuked .nvm, fresh install of 0.4.7 in /opt :(). a little cleaner"
"68374483039297536","68365297823911937","12735452","","","2011-05-11 17:58:41 +0000","<a href=""http://twitter.com/download/iphone"" rel=""nofollow"">Twitter for iPhone</a>","@falicon @willcole I sense a free dinner coming to the KAI team coming soon. Thanks guys."
"68336412327542784","","","","","2011-05-11 15:27:24 +0000","<a href=""http://twitter.com/tweetbutton"" rel=""nofollow"">Tweet Button</a>","Skype Acquired by Microsoft: 3 Fears & 3 Hopes by @marshallk http://t.co/DrJqfZL by @marshallk via @RWW","http://rww.to/lHFFhK"
"68326189982425088","","","","","2011-05-11 14:46:47 +0000","<a href=""http://twitter.com/tweetbutton"" rel=""nofollow"">Tweet Button</a>","Scraping, cleaning, and selling big data http://t.co/e30Tu7S by @audreywatters via @radar :)","http://radar.oreilly.com/2011/05/data-scraping-infochimps.html"
"68323798084100098","68313215616024577","12100672","","","2011-05-11 14:37:17 +0000","web","@willcole @falicon hmm, maybe I can use the api to do so tonight. I haven't come up with any reason to hit the api yet, that's a good one"
"68323629649244162","68313215616024577","12100672","","","2011-05-11 14:36:37 +0000","web","@willcole @falicon hack it out today! $50 Mr. Cole, 50 big ones"
"68323461738672128","","","","","2011-05-11 14:35:57 +0000","web","Yummy bacon http://bit.ly/ltjL3E 24by7 on the bacon channel, in baconville"
"68305271340019714","","12735452","","","2011-05-11 13:23:40 +0000","<a href=""http://twitter.com/download/iphone"" rel=""nofollow"">Twitter for iPhone</a>","@falicon but they're probably blocked. I could Oauth in and create my own atom feed..."
"68305025323122688","","12735452","","","2011-05-11 13:22:41 +0000","<a href=""http://twitter.com/download/iphone"" rel=""nofollow"">Twitter for iPhone</a>","@falicon any plans for list support for KAI? My old feed trick was nuked by twitter. I could scrape my inbound list with scraperwiki"
"68301207009112064","","","","","2011-05-11 13:07:31 +0000","<a href=""http://twitter.com/download/iphone"" rel=""nofollow"">Twitter for iPhone</a>","Loving my first ePub formatted book, @coffeescript (Trevor Burnham) well done! http://t.co/p0STcyp so long PDFs!","http://pragprog.com/titles/tbcoffee/coffeescript"
"68281915106525185","","","","","2011-05-11 11:50:51 +0000","<a href=""http://twitter.com/tweetbutton"" rel=""nofollow"">Tweet Button</a>","The Four Horsemen of Rails 3.1beta, Coffee-Script, jQuery, SCSS and Assets http://t.co/y9Qj5nk","http://www.victusspiritus.com/2011/05/11/the-four-horsemen-of-rails-3-1beta-coffee-script-jquery-scss-and-assets/"
"68097636091170816","68090748746211328","13604142","","","2011-05-10 23:38:36 +0000","<a href=""http://twitter.com/download/iphone"" rel=""nofollow"">Twitter for iPhone</a>","@chrismatthieu @nodester @duostack it's quite impressive"
"68049210318127104","","","","","2011-05-10 20:26:10 +0000","<a href=""http://www.google.com/"" rel=""nofollow"">Google</a>","I liked a @YouTube video http://youtu.be/GI6CfKcMhjY?a Jack Sparrow (feat. Michael Bolton)"
"68036463262044160","68022991782543360","10077242","","","2011-05-10 19:35:31 +0000","web","@swombat @mattmireles prefer freeware/open source to pirating software no matter how broke ass. interesting angle though"
"68035155578724352","68028596928782336","14260608","","","2011-05-10 19:30:19 +0000","web","@dharmesh can you use find big mail? http://lifehac.kr/lzxsnJ"
"68034670675247104","68034098886746112","7816392","","","2011-05-10 19:28:24 +0000","web","@tomscott @jayforeman @JosieLong the air of mystery is not to be undervalued."
"67974840983883776","","","","","2011-05-10 15:30:39 +0000","<a href=""http://twitter.com/tweetbutton"" rel=""nofollow"">Tweet Button</a>","Duostack vs Nodester Node.js Hosting, Day Zero http://t.co/nTa6SkK","http://www.victusspiritus.com/2011/05/10/duostack-vs-nodester-node-js-hosting-day-zero/"
"67754176406499328","67661307532414976","240751001","","","2011-05-10 00:53:49 +0000","web","@Nodester I was able to get the server.js example up in seconds, but couldn't get a simple coffee-script example. gonna stick with duostack"
"67721746928766976","","19643315","","","2011-05-09 22:44:57 +0000","web","@vsagarv heyo, just catching the Scoble interview of Shufflr.tv :)"
"67721314470866945","","","","","2011-05-09 22:43:14 +0000","<a href=""http://www.google.com/"" rel=""nofollow"">Google</a>","I liked a @YouTube video http://youtu.be/gWmnw1lH2JY?a Shufflr.tv helps you find better videos online"
"67665441815920641","","","","","2011-05-09 19:01:13 +0000","<a href=""http://twitter.com/tweetbutton"" rel=""nofollow"">Tweet Button</a>","The Next 10 Years Will Be Great For Both Founders And?VCs http://t.co/pexJNFn via @techcrunch","http://tcrn.ch/lEyyUH"
"67651807190589441","","","","","2011-05-09 18:07:02 +0000","<a href=""http://tweetmeme.com"" rel=""nofollow"">TweetMeme</a>","How not to Fix America's 'Broken Jobs Machine' - Seeking Alpha http://bit.ly/kaVq5y by @dpinsen"
"67615037501607936","","","67062033035698176","13604142","2011-05-09 15:40:55 +0000","web","RT @chrismatthieu: Wrote my first Google Chrome Extension! It adds @PhonoSDK to browser for free calls & adds links to phone #s on page  ..."
"67614316110688257","","","","","2011-05-09 15:38:03 +0000","web","Big fan of http://www.mapitnow.com/ to map out my walks, much nicer mouse scroll up and down for zooming in and out than gmap-pedometer.com"
"67554405595090944","","","","","2011-05-09 11:40:00 +0000","<a href=""http://twitter.com/tweetbutton"" rel=""nofollow"">Tweet Button</a>","Nook Gift should have been an iPad in Retrospect http://t.co/RvO1iL8","http://www.victusspiritus.com/2011/05/09/nook-gift-should-have-been-an-ipad-in-retrospect/"
"67516426239475712","67411794305630208","240751001","","","2011-05-09 09:09:05 +0000","<a href=""http://twitter.com/download/iphone"" rel=""nofollow"">Twitter for iPhone</a>","@Nodester  thanks for the coupon. I look forward to comparing your service to other hosting options. great choices 4 node deployment"
"67515958880772096","67394195287056384","14100886","","","2011-05-09 09:07:13 +0000","<a href=""http://twitter.com/download/iphone"" rel=""nofollow"">Twitter for iPhone</a>","@pengwynn @duostack was very smooth the setup and go live (ala heroku). Tiny hiccup, I had to add a path to the command."
"67385400120967168","67358873635389440","9980812","","","2011-05-09 00:28:26 +0000","<a href=""http://twitter.com/download/iphone"" rel=""nofollow"">Twitter for iPhone</a>","@igrigorik that self directed time is priceless. Trumps all paid time. When we write for ourselves it's genuine enthusiasm. Can't buy that."
"67384584643416064","67372837970771968","14104438","","","2011-05-09 00:25:11 +0000","<a href=""http://twitter.com/download/iphone"" rel=""nofollow"">Twitter for iPhone</a>","@orian @siftee I'd say no, the 2k table isn't worth it. Better spent on product, and find other ways to network/market."
"67271962623348736","","","66551569608482818","14100886","2011-05-08 16:57:40 +0000","web","RT @pengwynn: #recommend -&gt; CoffeeScript: Accelerated JavaScript Development from @trevorburnham http://wynn.fm/dp"
"67271916066570241","","14100886","","","2011-05-08 16:57:29 +0000","web","@pengwynn about to check node hosting options, have you tried duostack? I don't have a coupon for nodester. options http://bit.ly/kpO01d"
"66842853472600064","","","","","2011-05-07 12:32:32 +0000","<a href=""http://twitter.com/tweetbutton"" rel=""nofollow"">Tweet Button</a>","Life?s too short to eat boring code http://t.co/CHKO9D3 /goofy gimp/photoshop edit, spectacular spring weather yesterday","http://www.victusspiritus.com/2011/05/07/lifes-too-short-to-eat-boring-code/"
"66840146477191168","","","","","2011-05-07 12:21:47 +0000","<a href=""http://www.instapaper.com/"" rel=""nofollow"">Instapaper</a>","Making Macros in CoffeeScript | David Padbury http://j.mp/mygrOF (via Instapaper)"
"66818623397826560","","","","","2011-05-07 10:56:15 +0000","<a href=""http://twitter.com/download/iphone"" rel=""nofollow"">Twitter for iPhone</a>","Browsing some morning githubbers, my fav commit message http://t.co/y8KXLEQ @antirez how was the film?","https://github.com/antirez/redis/commit/76904644a297a54c891d34357ab270f958ef246a"
"66812938140401664","","","","","2011-05-07 10:33:40 +0000","<a href=""http://twitter.com/download/iphone"" rel=""nofollow"">Twitter for iPhone</a>","A mozilla message, but what browser do Caltrain riders prefer? http://t.co/lP5odGL via @gvanrossum","http://twitpic.com/4u6xec"
"66811961249247232","65112864884662272","15804774","","","2011-05-07 10:29:47 +0000","<a href=""http://twitter.com/download/iphone"" rel=""nofollow"">Twitter for iPhone</a>","@gvanrossum @p0bailey do we own tweets once we send them out over the net? If not us then who (twitter I reckon). Respect authorship concern"
"66810461609394176","66619219105681408","15031464","","","2011-05-07 10:23:49 +0000","<a href=""http://twitter.com/download/iphone"" rel=""nofollow"">Twitter for iPhone</a>","@dgentry @shanacarp your welcome, and my apologies. we had it blasting on three computers, it get's better in the round"
"66809671243153408","66617139552980992","25843503","","","2011-05-07 10:20:41 +0000","<a href=""http://twitter.com/download/iphone"" rel=""nofollow"">Twitter for iPhone</a>","@shanacarp rediscovered, it turns out"
"66616714217000960","","","24148697432457216","15804774","2011-05-06 21:33:57 +0000","web","RT @gvanrossum: Tagmask: a new site for programming communities. http://tagmask.com/ It sure looks nice!"
"66616689260900352","","","","","2011-05-06 21:33:51 +0000","web","how did I miss this http://badgerbadgerbadger.com/"
"66488857004216320","","","","","2011-05-06 13:05:53 +0000","<a href=""http://instagr.am"" rel=""nofollow"">Instagram</a>","soaking a few manhattan morning rays  @ W Times Square Hotel http://instagr.am/p/D7B04/"
"66485659136819200","","","","","2011-05-06 12:53:11 +0000","<a href=""http://twitter.com/tweetbutton"" rel=""nofollow"">Tweet Button</a>","Wakeup with a fresh cup of CoffeeScript http://t.co/ujTTWVT","http://www.victusspiritus.com/2011/05/06/wakeup-with-a-fresh-cup-of-coffeescript/"
"66335307368382464","","","","","2011-05-06 02:55:44 +0000","<a href=""http://twitter.com/tweetbutton"" rel=""nofollow"">Tweet Button</a>","This Could be Big: Decentralized Web Standard Under Development by W3C by @marshallk http://t.co/1MXw9qu via @RWW","http://rww.to/l4Gqq0"
"66329773886021632","","","","","2011-05-06 02:33:45 +0000","<a href=""http://mobile.twitter.com"" rel=""nofollow"">Mobile Web</a>","The qualified ""yes.""with a sweet payoff: http://t.co/hBAvziy by @asmartbear /$10 Jason becomes a billionaire by 50","http://bit.ly/exxwb7"
"66318214702960641","66286430414057472","16449742","","","2011-05-06 01:47:49 +0000","<a href=""http://twitter.com/download/iphone"" rel=""nofollow"">Twitter for iPhone</a>","@MikeChelen @dgentry I'd like to take half as many trips, and make them all vacations :)"
"66317988315402241","66219513259098112","19643315","","","2011-05-06 01:46:55 +0000","<a href=""http://twitter.com/download/iphone"" rel=""nofollow"">Twitter for iPhone</a>","@vsagarv :), orig code we got had two atan2, needed a vector rot before the second"
"66315450115563520","","","","","2011-05-06 01:36:50 +0000","<a href=""http://www.instapaper.com/"" rel=""nofollow"">Instapaper</a>","The LeanLaunch Pad at Stanford ? Class 6: Channel Hypotheses ? Steve Blank http://j.mp/mp8ih2 (via Instapaper)"
"66295304726642689","","140038027","","","2011-05-06 00:16:47 +0000","web","@tagmask I like the idea, feels like a variant of opengard.in concept a friend and I had trouble implementing. what stack are you using?"
"66295036446388224","","","","","2011-05-06 00:15:43 +0000","<a href=""http://twitter.com/tweetbutton"" rel=""nofollow"">Tweet Button</a>","Tagmask - your personalized view of the programming world. Watch the demo video! http://t.co/JgWym2g via @tagmask","http://tagmask.com/"
"66243536445636608","","","","","2011-05-05 20:51:04 +0000","<a href=""http://twitter.com/tweetbutton"" rel=""nofollow"">Tweet Button</a>","The most deadly game, Bugs http://t.co/ysvbD7T","http://www.victusspiritus.com/2011/05/05/the-most-deadly-game-bugs/"
"66218964212129792","","","","","2011-05-05 19:13:26 +0000","<a href=""http://instagr.am"" rel=""nofollow"">Instagram</a>","a sketch detailing a bug fix  @ Dunkin Donuts http://instagr.am/p/D5aRy/"
"66203992904056832","66190515527360512","819606","","","2011-05-05 18:13:56 +0000","web","@janl what's the community take on coffeescript? I really enjoy reading it but haven't worked with it much."
"66203713961852928","","","66192384928653312","25388528","2011-05-05 18:12:50 +0000","web","RT @audreywatters: Strata Week:  Will big data make stock exchanges unnecessary? http://oreil.ly/mPmH51 via @radar"
"66203499574198272","66199300127985664","29058287","","","2011-05-05 18:11:58 +0000","web","@gcsf driving around boston? good luck :). Been up there twice in a month, great town. see chihuli's work if you can http://bit.ly/mffbjj"
"66172982053183488","","","","","2011-05-05 16:10:43 +0000","<a href=""http://twitter.com/tweetbutton"" rel=""nofollow"">Tweet Button</a>","Disqussing Disqus http://t.co/zriCKpF /one of my favorite companies is growing up fast. Congratz on the hard work and great product @disqus","http://www.avc.com/a_vc/2011/05/disqussing-disqus.html"
"66114251558883328","58215484205694976","13175252","","","2011-05-05 12:17:20 +0000","web","@chrisburnor if you want to poke around coffescript here's are  some vids/tuts I plan on working through this weekend: http://bit.ly/lDXkkV"
"66113295131750400","57803849704030209","12735452","","","2011-05-05 12:13:32 +0000","web","@falicon @smurthasmith hahaha finally heard the song, great find Kevin"
"66085805369733120","66076064757202945","16449742","","","2011-05-05 10:24:18 +0000","<a href=""http://twitter.com/download/iphone"" rel=""nofollow"">Twitter for iPhone</a>","@MikeChelen @dgentry Denny's talking matrix. I would appreciate the non-cramped flights aspect of that. Never enough leg or butt room"
"65908935474937856","","","","","2011-05-04 22:41:29 +0000","web","I'm training Pandora towards a dark and bizarre bend. Enjoying today's listening with an augmented Sonanaut station http://bit.ly/ihzFja"
"65835120682205185","65831224807145472","1963651","","","2011-05-04 17:48:10 +0000","<a href=""http://twitter.com/tweetbutton"" rel=""nofollow"">Tweet Button</a>","@danielha #agree"
"65834990650404864","","","65832047700226049","178269422","2011-05-04 17:47:39 +0000","<a href=""http://twitter.com/tweetbutton"" rel=""nofollow"">Tweet Button</a>","RT @reddit_prog_hot: Pyjamas 0.8 released; write GUI code in Python, compile to desktop app OR javascript  http://bit.ly/j85FR0 http://b ..."
"65834955598606337","","","65832051043082241","178269422","2011-05-04 17:47:31 +0000","<a href=""http://twitter.com/tweetbutton"" rel=""nofollow"">Tweet Button</a>","RT @reddit_prog_hot: LiteratePrograms is a unique wiki where every article is simultaneously a document an http://bit.ly/jZYb71 http://b ..."
"65798098156404736","","","","","2011-05-04 15:21:03 +0000","<a href=""http://twitter.com/tweetbutton"" rel=""nofollow"">Tweet Button</a>","The LeanLaunch Pad at Stanford ? Class 8: Key Resources, Activities and Expense Model: http://t.co/T2RGkXG @sgblank","http://wp.me/prGQZ-2jL"
"65762336648085504","","","","","2011-05-04 12:58:57 +0000","<a href=""http://twitter.com/tweetbutton"" rel=""nofollow"">Tweet Button</a>","The Ephemeral Kiss of Fame http://t.co/xS0e3jX","http://www.victusspiritus.com/2011/05/04/the-ephemeral-kiss-of-fame/"
"65515027620306945","","","","","2011-05-03 20:36:14 +0000","web","""Entrepreneurs have no mold"" comment (not mine but loved it) to @cdixon's http://bit.ly/j1eZud"
"65506801751293953","65506446070136832","15102110","","","2011-05-03 20:03:33 +0000","<a href=""http://twitter.com/download/iphone"" rel=""nofollow"">Twitter for iPhone</a>","@HenrikJoreteg I find people to learn from here, and code to love their"
"65506623409500160","","","","","2011-05-03 20:02:50 +0000","<a href=""http://twitter.com/download/iphone"" rel=""nofollow"">Twitter for iPhone</a>","?@janl: Veggies, vegans, see me at the buffet for your food options. #jsconf? /meatatarian who hates to see veg* go hungry"
"65506116397826049","65502350932062209","15102110","","","2011-05-03 20:00:49 +0000","<a href=""http://twitter.com/download/iphone"" rel=""nofollow"">Twitter for iPhone</a>","@HenrikJoreteg @github is an arguable contender for that honor"
"65490481991262208","","","","","2011-05-03 18:58:42 +0000","<a href=""http://eightbit.me"" rel=""nofollow"">EightBit</a>","Just made an @EightBit character. Check out my profile http://eightbit.me/VictusFate"
"65428869255143424","","19829061","","","2011-05-03 14:53:52 +0000","web","@_TGannon_ @rakesh_twittes thanks for the retweets :)"
"65400379185184768","","","","","2011-05-03 13:00:40 +0000","<a href=""http://twitter.com/tweetbutton"" rel=""nofollow"">Tweet Button</a>","Everything?s easy until you have to do it http://t.co/HonDbYM","http://www.victusspiritus.com/2011/05/03/everythings-easy-until-you-have-to-do-it/"
"65335621987745792","","","65323418882543616","9429332","2011-05-03 08:43:20 +0000","<a href=""http://twitter.com/download/iphone"" rel=""nofollow"">Twitter for iPhone</a>","RT @tylergillies: stacktrace or gtfo http://i.imgur.com/jacoj.jpg"
"65099350732312576","","","","","2011-05-02 17:04:29 +0000","<a href=""http://www.instapaper.com/"" rel=""nofollow"">Instapaper</a>","Scripting branch released http://j.mp/jHEXz7 (via Instapaper)"
"65045528018292736","","","","","2011-05-02 13:30:37 +0000","<a href=""http://twitter.com/tweetbutton"" rel=""nofollow"">Tweet Button</a>","First Steps Sorting out Python http://t.co/aEpiYru","http://www.victusspiritus.com/2011/05/02/first-steps-sorting-out-python/"
"64781848030617600","64771160012890112","818340","","","2011-05-01 20:02:50 +0000","<a href=""http://itunes.apple.com/us/app/twitter/id409789998?mt=12"" rel=""nofollow"">Twitter for Mac</a>","@marshallk @azaaza @tylergillies @maxogden not this year gents, maybe next time. Who knows, by then I might know a little more js :)"
"64781414775783424","","","","","2011-05-01 20:01:07 +0000","<a href=""http://itunes.apple.com/us/app/twitter/id409789998?mt=12"" rel=""nofollow"">Twitter for Mac</a>","Damn pypy (http://t.co/7Q4dQk1) is fast. Just did a million sorts in only a couple more seconds than my c++ impl http://t.co/uV0aCqy","http://morepypy.blogspot.com/2011/04/pypy-15-released-catching-up.html","https://github.com/victusfate/py-util"
"64749509720276993","","","","","2011-05-01 17:54:20 +0000","<a href=""http://twitter.com/tweetbutton"" rel=""nofollow"">Tweet Button</a>","PyPy Status Blog: PyPy 1.5 Released: Catching Up http://t.co/qhdfyOG","http://morepypy.blogspot.com/2011/04/pypy-15-released-catching-up.html?spref=tw"
"64727183532367872","","","","","2011-05-01 16:25:37 +0000","<a href=""http://twitter.com/tweetbutton"" rel=""nofollow"">Tweet Button</a>","Oasis, Surviving the Desert of the Real http://t.co/rvrtJ2G","http://www.victusspiritus.com/2011/05/01/oasis-surviving-the-desert-of-the-real/"
"64692045947744256","64686521067896832","13370272","","","2011-05-01 14:06:00 +0000","<a href=""http://twitter.com/download/iphone"" rel=""nofollow"">Twitter for iPhone</a>","@azaaza try and meet up with @tylergillies and @marshallk while you're in Portland. I'd suggest @maxogden but he's nomadic atm (SF?)"
"64690907856908288","","","","","2011-05-01 14:01:28 +0000","<a href=""http://twitter.com/download/iphone"" rel=""nofollow"">Twitter for iPhone</a>","?@tomscott: Absolutely stunned by the Escher museum. Go if you can! including a tessellating lizard sphere: http://t.co/NmqPu0X? /whoa!","http://twitpic.com/4rw75y"
"64684440928002049","","","","","2011-05-01 13:35:47 +0000","<a href=""http://www.instapaper.com/"" rel=""nofollow"">Instapaper</a>","QuirkeyBlog ? Blog Archive ? Sammy.js, CouchDB, and the new web architecture http://j.mp/ki75OV (via Instapaper)"
"64678868916768768","","","","","2011-05-01 13:13:38 +0000","<a href=""http://itunes.apple.com/us/app/twitter/id409789998?mt=12"" rel=""nofollow"">Twitter for Mac</a>","I think Darth can imagine better http://t.co/cwasw6s","http://www.youtube.com/watch?v=rjCyZ2P9bCA#t=00m54s"
